Lady,Simonis,Lady.Simonis@gmail.com,Female,6487369551,29,November,1973,History,Sports,238 Jerde Ramp,Haryana,Karnal,avatar.png
Felton,McGlynn,Felton.McGlynn@gmail.com,Female,0407287778,02,November,1965,Maths,Sports,367 Wisoky Motorway,Rajasthan,Jaiselmer,avatar.png
Leslie,Gleason,Leslie.Gleason@yahoo.com,Male,7865184727,06,February,1998,Maths,Sports,13640 Dorthy Junction,Rajasthan,Jaipur,avatar.png
Kenna,Ernser,Kenna.Ernser@gmail.com,Other,9265844665,04,November,2005,English,Reading,3569 German Plains,NCR,Delhi,avatar.png
Kareem,Little,Kareem.Little@hotmail.com,Female,4664158491,28,March,2003,Computer Science,Sports,22100 Larry Forest,NCR,Noida,avatar.png
Aron,Hilll,Aron.Hilll@yahoo.com,Female,0569022238,22,April,1974,Maths,Music,37115 Rikki Branch,Haryana,Panipat,avatar.png
Beaulah,Quigley,Beaulah.Quigley@hotmail.com,Female,9124321299,04,January,1986,History,Reading,499 Mills Underpass,Haryana,Panipat,avatar.png
Heather,Gulgowski,Heather.Gulgowski@gmail.com,Male,8663047336,18,August,1965,English,Reading,090 Blake Points,Haryana,Panipat,avatar.png
Moses,Schroeder,Moses.Schroeder@gmail.com,Other,9519051658,16,August,1983,Computer Science,Music,8975 Lacy Crest,NCR,Gurgaon,avatar.png
Salena,Parker,Salena.Parker@hotmail.com,Male,0200716685,07,December,1985,Maths,Reading,66178 Schultz Mill,Haryana,Karnal,avatar.png